1,Clementia Sennett,(504) 744-6211,clementia.sennett@gmail.com,70187,New Orleans,United States,Louisiana,42,Female
2,Marya Tickle,(562) 263-8674,marya.tickle@yahoo.co.in,90045,Los Angeles,United States,California,13,Male
3,Rona Falvey,(775) 585-5459,rona.falvey@hotmail.com,89519,Reno,United States,Nevada,26,Other
4,Fulvia Geleman,(754) 238-8734,fulvia.geleman@yahoo.com,33336,Fort Lauderdale,United States,Florida,73,Female
5,Maximilianus McArt,(813) 220-2207,maximilianus.mcart@yahoo.com,33610,Tampa,United States,Florida,106,Female
6,Marita Meriton,(713) 688-3777,marita.meriton@hotmail.com,77005,Houston,United States,Texas,91,Male
7,Derrek Branscombe,(863) 869-0457,derrek.branscombe@hotmail.com,33811,Lakeland,United States,Florida,65,Female
8,Duff Gerling,(630) 388-1245,duff.gerling@yahoo.com,60505,Aurora,United States,Illinois,39,Female
9,Sly Brodie,(405) 534-5872,sly.brodie@live.com,73147,Oklahoma City,United States,Oklahoma,96,Male
10,Nanine Shillabeer,(316) 514-6775,nanine.shillabeer@hotmail.co.uk,67215,Wichita,United States,Kansas,19,Male
11,Frasier Golson,(314) 955-0509,frasier.golson@gmail.com,63196,Saint Louis,United States,Missouri,76,Female
12,Zaneta Pendre,(402) 012-7081,zaneta.pendre@yahoo.co.uk,68105,Omaha,United States,Nebraska,82,Male
13,Malena Soggee,(313) 120-8215,malena.soggee@freenet.de,48206,Detroit,United States,Michigan,6,Prefer not to say
14,Tory Cathro,(239) 309-5962,tory.cathro@gmail.com,34114,Naples,United States,Florida,115,Other
15,Bernetta Ortsmann,(281) 848-0399,bernetta.ortsmann@yahoo.es,77065,Houston,United States,Texas,89,Other
16,Hurley Whitefoot,(239) 250-5664,hurley.whitefoot@yahoo.com,33915,Cape Coral,United States,Florida,98,Male
17,Georgena Treasure,(202) 079-8259,georgena.treasure@hotmail.fr,20244,Washington,United States,District of Columbia,115,Other
18,Julita Arrigo,(917) 969-5823,julita.arrigo@aol.com,10024,New York City,United States,New York,41,Male
19,Rebekah Dobie,(302) 255-9737,rebekah.dobie@hotmail.com,19805,Wilmington,United States,Delaware,18,Other
20,Hayley Cescon,(202) 959-5034,hayley.cescon@gmail.com,20456,Washington,United States,District of Columbia,117,Other
21,Nick Tarbin,(202) 595-4068,nick.tarbin@ig.com.br,20442,Washington,United States,District of Columbia,45,Other
22,Zea Oels,(303) 690-1297,zea.oels@gmail.com,80044,Aurora,United States,Colorado,45,Female
23,Iggy Erett,(559) 116-2287,iggy.erett@yahoo.com,93704,Fresno,United States,California,60,Female
24,Care Zanitti,(513) 340-5292,care.zanitti@gmail.com,45249,Cincinnati,United States,Ohio,118,Other
25,Derby Crispin,(304) 894-4072,derby.crispin@yahoo.com,25313,Charleston,United States,West Virginia,46,Male
26,Catrina Bengall,(480) 437-5312,catrina.bengall@hotmail.com,85271,Scottsdale,United States,Arizona,67,Female
27,Tallie Trimbey,(713) 600-2650,tallie.trimbey@hotmail.co.uk,77030,Houston,United States,Texas,53,Male
28,Emelina Auten,(812) 239-6922,emelina.auten@hotmail.com,47805,Terre Haute,United States,Indiana,68,Male
29,Denys Brando,(540) 687-7975,denys.brando@sympatico.ca,22405,Fredericksburg,United States,Virginia,112,Male
30,Jae Laxston,(480) 148-2189,jae.laxston@hotmail.com,85215,Mesa,United States,Arizona,103,Prefer not to say
31,Rafe Grazier,(858) 939-5387,rafe.grazier@yahoo.com,92110,San Diego,United States,California,57,Prefer not to say
32,Scott McKimmie,(217) 907-3382,scott.mckimmie@hotmail.com,62764,Springfield,United States,Illinois,56,Prefer not to say
33,Haley Brandenburg,(817) 995-8154,haley.brandenburg@hotmail.com,76115,Fort Worth,United States,Texas,25,Male
34,Langsdon Cunniffe,(303) 756-0581,langsdon.cunniffe@yahoo.com,80328,Boulder,United States,Colorado,34,Other
35,Morly Forcer,(402) 684-7838,morly.forcer@yahoo.com,68110,Omaha,United States,Nebraska,63,Female
36,Dulciana Jansson,(816) 216-6762,dulciana.jansson@gmail.com,64187,Kansas City,United States,Missouri,100,Other
37,Abba Verry,(480) 782-4723,abba.verry@live.nl,85219,Apache Junction,United States,Arizona,24,Male
38,Sheffy Leishman,(217) 335-8606,sheffy.leishman@yahoo.it,62718,Springfield,United States,Illinois,36,Female
39,Elane Scamp,(914) 179-5786,elane.scamp@gmail.com,10606,White Plains,United States,New York,76,Female
40,Obadias Youthed,(336) 203-4569,obadias.youthed@gmail.com,27105,Winston Salem,United States,North Carolina,58,Female
41,Heinrick Klimentyonok,(817) 332-1655,heinrick.klimentyonok@hotmail.com,76110,Fort Worth,United States,Texas,111,Other
42,Kristin Kix,(520) 789-7170,kristin.kix@aol.com,85715,Tucson,United States,Arizona,97,Other
43,Kinny Dinjes,(520) 496-7054,kinny.dinjes@yahoo.com,85748,Tucson,United States,Arizona,14,Male
44,Dwight Eggleton,(571) 852-6957,dwight.eggleton@yahoo.com,22184,Vienna,United States,Virginia,72,Prefer not to say
45,Hedda Morrow,(518) 205-9931,hedda.morrow@gmail.com,12205,Albany,United States,New York,22,Prefer not to say
46,Adler Maydway,(315) 393-7391,adler.maydway@earthlink.net,13505,Utica,United States,New York,27,Male
47,Todd Abatelli,(918) 182-2352,todd.abatelli@hotmail.com,74108,Tulsa,United States,Oklahoma,40,Prefer not to say
48,Boony McCorkell,(918) 923-4299,boony.mccorkell@hotmail.com,74108,Tulsa,United States,Oklahoma,116,Male
49,Reade Faircley,(850) 147-3211,reade.faircley@gmail.com,34665,Pinellas Park,United States,Florida,28,Prefer not to say
50,Prescott Lutsch,(419) 175-4724,prescott.lutsch@gmail.com,43614,Toledo,United States,Ohio,79,Other
51,Charlott Libbert,(808) 198-4372,charlott.libbert@gmail.com,96812,Honolulu,United States,Hawaii,30,Female
52,Salem Dickonson,(407) 358-2191,salem.dickonson@hotmail.com,32806,Orlando,United States,Florida,85,Other
53,Alva Stivino,(870) 120-1627,alva.stivino@gmail.com,72903,Fort Smith,United States,Arkansas,43,Prefer not to say
54,Seth Leavitt,(503) 059-6359,seth.leavitt@gmail.com,97205,Portland,United States,Oregon,51,Prefer not to say
55,Neala Pernet,(281) 484-8765,neala.pernet@hotmail.com,77072,Houston,United States,Texas,94,Male
56,Constance Gork,(850) 529-9516,constance.gork@gmail.com,34433,Inverness,United States,Florida,66,Female
57,Aubree Causse,(319) 587-2579,aubree.causse@earthlink.net,52804,Davenport,United States,Iowa,103,Female
58,Lynn Eichhorn,(217) 341-6794,lynn.eichhorn@gmail.com,62704,Springfield,United States,Illinois,102,Female
59,Adiana Colovini,(405) 535-0041,adiana.colovini@aol.com,73132,Oklahoma City,United States,Oklahoma,21,Male
60,Leslee Zabel,(413) 935-4741,leslee.zabel@gmail.com,1089,Westfield,United States,Massachusetts,69,Female
61,Jeffery Nascimento,(518) 130-7267,jeffery.nascimento@gmail.com,12243,Albany,United States,New York,21,Male
62,Bronia Hurst,(402) 759-8192,bronia.hurst@aol.com,68124,Omaha,United States,Nebraska,55,Female
63,Marja Bedeau,(623) 820-7752,marja.bedeau@aol.com,85032,Phoenix,United States,Arizona,49,Male
64,Steve Sisk,(845) 116-5755,steve.sisk@verizon.net,12528,Kingston,United States,New York,54,Male
65,Chad Mulligan,(313) 272-1721,chad.mulligan@aol.com,48223,Detroit,United States,Michigan,59,Female
66,Nelsa Larkin,(908) 943-4733,nelsa.larkin@aol.com,7094,Jersey City,United States,New Jersey,68,Female
67,Valorie Kuehn,(503) 051-4134,valorie.kuehn@gmail.com,97204,Portland,United States,Oregon,23,Female
68,Paxton Polden,(707) 150-2314,paxton.polden@aol.com,94596,Walnut Creek,United States,California,60,Prefer not to say
69,Colleen Carton,(225) 239-4299,colleen.carton@gmail.com,70808,Baton Rouge,United States,Louisiana,44,Female
70,Maxime Monfort,(540) 344-3102,maxime.monfort@gmail.com,22601,Winchester,United States,Virginia,36,Male
71,Leilani Stirling,(919) 467-1935,leilani.stirling@verizon.net,27603,Raleigh,United States,North Carolina,26,Female
72,Niels Stack,(402) 753-6248,niels.stack@gmail.com,68103,Omaha,United States,Nebraska,36,Other
73,Bronwen Plod,(603) 157-8813,bronwen.plod@live.com,3801,Portsmouth,United States,New Hampshire,51,Female
74,Gordan Nunes,(845) 976-4242,gordan.nunes@yahoo.com,12553,Poughkeepsie,United States,New York,63,Prefer not to say
75,Theo Mattimore,(415) 185-1709,theo.mattimore@aol.com,94111,San Francisco,United States,California,72,Male
76,Willow Hearsum,(212) 472-4449,willow.hearsum@gmail.com,10038,New York City,United States,New York,73,Female
77,Riva Callendar,(512) 382-6722,riva.callendar@gmail.com,78756,Austin,United States,Texas,66,Male
78,Shara Kirsch,(405) 070-2115,shara.kirsch@gmail.com,73112,Oklahoma City,United States,Oklahoma,70,Female
79,Prentiss Ventu,(219) 342-0104,prentiss.ventu@hotmail.com,46320,Hammond,United States,Indiana,81,Female
80,Mari Lyman,(909) 124-3020,mari.lyman@verizon.net,92253,La Quinta,United States,California,26,Male
81,Basil Free,(213) 299-8367,basil.free@aol.com,90018,Los Angeles,United States,California,47,Female
82,Winifred Mandell,(970) 317-9390,winifred.mandell@aol.com,81641,Vail,United States,Colorado,28,Other
83,Julius Swatton,(413) 527-2942,julius.swatton@yahoo.com,1088,Northampton,United States,Massachusetts,34,Prefer not to say
84,Noemi Hughs,(212) 847-3367,noemi.hughs@yahoo.com,10001,New York City,United States,New York,61,Male
85,Roland Beche,(707) 268-3025,roland.beche@gmail.com,95355,Modesto,United States,California,25,Male
86,Sook Ly,(323) 264-0678,sook.ly@aol.com,90042,Los Angeles,United States,California,33,Female
87,Ermina Allott,(301) 254-4107,ermina.allott@gmail.com,20707,Laurel,United States,Maryland,60,Female
88,Kira Bunn,(541) 573-0723,kira.bunn@gmail.com,97701,Bend,United States,Oregon,80,Male
89,Joan Tye,(504) 905-8906,joan.tye@earthlink.net,70150,New Orleans,United States,Louisiana,57,Female
90,Lona Flerning,(214) 091-2177,lona.flerning@gmail.com,75230,Dallas,United States,Texas,51,Female
91,Lorna Remy,(254) 378-5682,lorna.remy@hotmail.com,76542,Killeen,United States,Texas,41,Prefer not to say
92,Edger McGahey,(858) 413-2317,edger.mcgahey@yahoo.com,92102,San Diego,United States,California,85,Female
93,Regina Pessell,(808) 317-0213,regina.pessell@gmail.com,96801,Honolulu,United States,Hawaii,65,Prefer not to say
94,Janice McCann,(541) 936-6699,janice.mccann@yahoo.com,97520,Medford,United States,Oregon,52,Female
95,Mira Carron,(281) 239-5799,mira.carron@earthlink.net,77401,Alief,United States,Texas,82,Other
96,Sandy Swyston,(614) 528-1881,sandy.swyston@gmail.com,43215,Columbus,United States,Ohio,23,Prefer not to say
97,Lylah Anno,(215) 053-5085,lylah.anno@gmail.com,19103,Philadelphia,United States,Pennsylvania,51,Female
98,Gregory Winsham,(210) 149-6161,gregory.winsham@gmail.com,78240,San Antonio,United States,Texas,49,Female
99,Milana Hocken,(616) 522-3890,milana.hocken@gmail.com,49546,Grand Rapids,United States,Michigan,75,Male
100,Roisin Menell,(773) 402-4563,roisin.menell@aol.com,60644,Chicago,United States,Illinois,29,Female